"Lat","Lon","timepoint","year","month","day"
46.159648,9.002659,"t30",2015,11,18
46.159648,9.002659,"t60",2015,10,19
46.159648,9.002659,"t30",2013,11,20
46.159648,9.002659,"t60",2013,10,21
46.159648,9.002659,"t30",2015,11,26
46.159648,9.002659,"t60",2015,10,27
46.159648,9.002659,"t30",2013,11,19
46.159648,9.002659,"t60",2013,10,20
45.927315,9.028099,"t30",2015,4,9
45.927315,9.028099,"t60",2015,3,10
46.159648,9.002659,"t30",2015,11,20
46.159648,9.002659,"t60",2015,10,21
46.174407,8.741555,"t30",2015,4,12
46.174407,8.741555,"t60",2015,3,13
46.159648,9.002659,"t30",2014,2,9
46.159648,9.002659,"t60",2014,1,10
46.159648,9.002659,"t30",2013,11,23
46.159648,9.002659,"t60",2013,10,24
46.159648,9.002659,"t30",2013,11,28
46.159648,9.002659,"t60",2013,10,29
46.159648,9.002659,"t30",2015,11,22
46.159648,9.002659,"t60",2015,10,23
46.159648,9.002659,"t30",2015,12,3
46.159648,9.002659,"t60",2015,11,3
46.159648,9.002659,"t30",2014,11,14
46.159648,9.002659,"t60",2014,10,15
46.159648,9.002659,"t30",2015,12,6
46.159648,9.002659,"t60",2015,11,6
46.159648,9.002659,"t30",2015,11,17
46.159648,9.002659,"t60",2015,10,18
46.274131,8.7741,"t30",2014,12,12
46.274131,8.7741,"t60",2014,11,12
46.159648,9.002659,"t30",2013,11,24
46.159648,9.002659,"t60",2013,10,25
45.927315,9.028099,"t30",2015,4,12
45.927315,9.028099,"t60",2015,3,13
46.174407,8.741555,"t30",2015,4,9
46.174407,8.741555,"t60",2015,3,10
46.159648,9.002659,"t30",2013,12,3
46.159648,9.002659,"t60",2013,11,3
46.159648,9.002659,"t30",2014,2,12
46.159648,9.002659,"t60",2014,1,13
51.099426,6.167827,"t30",2017,6,6
51.099426,6.167827,"t60",2017,5,7
50.747077,6.366395,"t30",2019,3,3
50.747077,6.366395,"t60",2019,2,1
49.314267,9.299841,"t30",2018,9,28
49.314267,9.299841,"t60",2018,8,29
50.266289,6.359245,"t30",2019,4,16
50.266289,6.359245,"t60",2019,3,17
51.413459,7.043988,"t30",2017,8,9
51.413459,7.043988,"t60",2017,7,10
51.439667,7.423111,"t30",2020,1,3
51.439667,7.423111,"t60",2019,12,4
51.418056,7.250944,"t30",2019,4,10
51.418056,7.250944,"t60",2019,3,11
50.562297,6.279368,"t30",2017,4,5
50.562297,6.279368,"t60",2017,3,6
51.437,7.257333,"t30",2018,4,17
51.437,7.257333,"t60",2018,3,18
50.75414,6.307838,"t30",2018,5,22
50.75414,6.307838,"t60",2018,4,22
50.75414,6.307838,"t30",2018,3,11
50.75414,6.307838,"t60",2018,2,9
49.880861,6.338427,"t30",2018,3,5
49.880861,6.338427,"t60",2018,2,3
50.735089,6.359651,"t30",2018,2,10
50.735089,6.359651,"t60",2018,1,11
51.403281,6.995988,"t30",2019,4,17
51.403281,6.995988,"t60",2019,3,18
49.856404,6.448138,"t30",2018,2,13
49.856404,6.448138,"t60",2018,1,14
50.735368,6.294149,"t30",2015,3,12
50.735368,6.294149,"t60",2015,2,10
50.525597,6.787115,"t30",2018,4,13
50.525597,6.787115,"t60",2018,3,14
50.747069,6.366387,"t30",2017,3,7
50.747069,6.366387,"t60",2017,2,5
51.429405,7.387315,"t30",2019,3,31
51.429405,7.387315,"t60",2019,3,1
50.215607,6.32883,"t30",2017,2,16
50.215607,6.32883,"t60",2017,1,17
50.595878,6.266865,"t30",2018,4,7
50.595878,6.266865,"t60",2018,3,8
50.70178,6.270098,"t30",2018,3,11
50.70178,6.270098,"t60",2018,2,9
51.541882,6.833255,"t30",2019,4,2
51.541882,6.833255,"t60",2019,3,3
51.403281,6.995988,"t30",2019,2,19
51.403281,6.995988,"t60",2019,1,20
50.009568,6.888018,"t30",2019,3,10
50.009568,6.888018,"t60",2019,2,8
50.746724,6.232078,"t30",2016,3,19
50.746724,6.232078,"t60",2016,2,18
50.747071,6.366389,"t30",2019,3,3
50.747071,6.366389,"t60",2019,2,1
50.726667,6.323306,"t30",2019,3,11
50.726667,6.323306,"t60",2019,2,9
51.431025,6.968945,"t30",2017,12,23
51.431025,6.968945,"t60",2017,11,23
51.247764,7.168684,"t30",2018,3,26
51.247764,7.168684,"t60",2018,2,24
50.684688,6.412117,"t30",2018,2,25
50.684688,6.412117,"t60",2018,1,26
50.011122,6.244127,"t30",2017,4,8
50.011122,6.244127,"t60",2017,3,9
50.23799,6.36698,"t30",2019,4,23
50.23799,6.36698,"t60",2019,3,24
50.548397,6.292036,"t30",2017,4,2
50.548397,6.292036,"t60",2017,3,3
50.266312,6.359268,"t30",2019,4,17
50.266312,6.359268,"t60",2019,3,18
50.779818,6.324636,"t30",2017,4,29
50.779818,6.324636,"t60",2017,3,30
51.443396,7.272145,"t30",2018,4,3
51.443396,7.272145,"t60",2018,3,4
50.55541,6.43618,"t30",2017,4,18
50.55541,6.43618,"t60",2017,3,19
50.073109,6.431563,"t30",2017,3,29
50.073109,6.431563,"t60",2017,2,27
50.764144,6.371654,"t30",2019,3,4
50.764144,6.371654,"t60",2019,2,2
50.747069,6.366387,"t30",2017,3,5
50.747069,6.366387,"t60",2017,2,3
49.856404,6.448138,"t30",2016,2,27
49.856404,6.448138,"t60",2016,1,28
50.717116,6.345695,"t30",2018,3,18
50.717116,6.345695,"t60",2018,2,16
51.403281,6.995988,"t30",2019,1,4
51.403281,6.995988,"t60",2018,12,5
50.225602,6.434867,"t30",2018,6,13
50.225602,6.434867,"t60",2018,5,14
49.845261,6.389539,"t30",2017,3,1
49.845261,6.389539,"t60",2017,1,30
49.902448,6.243511,"t30",2017,2,19
49.902448,6.243511,"t60",2017,1,20
50.7576781,6.3220121,"t30",2016,4,5
50.7576781,6.3220121,"t60",2016,3,6
50.619605,6.494605,"t30",2018,4,13
50.619605,6.494605,"t60",2018,3,14
50.764144,6.371654,"t30",2019,3,26
50.764144,6.371654,"t60",2019,2,24
50.095486,6.251198,"t30",2016,3,2
50.095486,6.251198,"t60",2016,2,1
49.869167,8.678889,"t30",2018,4,2
49.869167,8.678889,"t60",2018,3,3
50.672648,6.230209,"t30",2019,3,3
50.672648,6.230209,"t60",2019,2,1
50.548397,6.292036,"t30",2018,4,13
50.548397,6.292036,"t60",2018,3,14
51.437,7.257333,"t30",2019,2,1
51.437,7.257333,"t60",2019,1,2
49.849103,6.326625,"t30",2017,2,27
49.849103,6.326625,"t60",2017,1,28
50.23944,6.396523,"t30",2017,4,24
50.23944,6.396523,"t60",2017,3,25
50.574681,6.401072,"t30",2017,4,4
50.574681,6.401072,"t60",2017,3,5
50.756932,6.321338,"t30",2018,2,8
50.756932,6.321338,"t60",2018,1,9
51.431025,6.968945,"t30",2019,4,21
51.431025,6.968945,"t60",2019,3,22
50.278656,6.292373,"t30",2017,4,15
50.278656,6.292373,"t60",2017,3,16
50.726667,6.323306,"t30",2019,3,10
50.726667,6.323306,"t60",2019,2,8
50.113526,6.280058,"t30",2016,3,2
50.113526,6.280058,"t60",2016,2,1
51.401582,7.126877,"t30",2019,3,12
51.401582,7.126877,"t60",2019,2,10
50.735089,6.359651,"t30",2017,1,27
50.735089,6.359651,"t60",2016,12,28
50.509209,6.295323,"t30",2019,5,6
50.509209,6.295323,"t60",2019,4,6
50.717116,6.345695,"t30",2019,4,11
50.717116,6.345695,"t60",2019,3,12
50.756932,6.321338,"t30",2018,2,5
50.756932,6.321338,"t60",2018,1,6
51.41865,6.930562,"t30",2019,3,26
51.41865,6.930562,"t60",2019,2,24
49.864623,10.488179,"t30",2020,4,8
49.864623,10.488179,"t60",2020,3,9
49.890914,6.590448,"t30",2019,2,24
49.890914,6.590448,"t60",2019,1,25
50.266288,6.359244,"t30",2019,4,16
50.266288,6.359244,"t60",2019,3,17
50.747073,6.366391,"t30",2019,3,3
50.747073,6.366391,"t60",2019,2,1
50.70178,6.270098,"t30",2018,9,22
50.70178,6.270098,"t60",2018,8,23
49.919317,6.405269,"t30",2019,3,25
49.919317,6.405269,"t60",2019,2,23
49.828069,6.403899,"t30",2015,4,4
49.828069,6.403899,"t60",2015,3,5
50.789973,6.375219,"t30",2019,3,10
50.789973,6.375219,"t60",2019,2,8
50.735368,6.294149,"t30",2015,4,3
50.735368,6.294149,"t60",2015,3,4
50.747069,6.366387,"t30",2017,3,6
50.747069,6.366387,"t60",2017,2,4
49.976417,6.474156,"t30",2017,3,11
49.976417,6.474156,"t60",2017,2,9
50.676448,6.198452,"t30",2018,2,5
50.676448,6.198452,"t60",2018,1,6
50.735368,6.294149,"t30",2015,2,23
50.735368,6.294149,"t60",2015,1,24
51.448228,7.279486,"t30",2019,4,19
51.448228,7.279486,"t60",2019,3,20
50.735368,6.294149,"t30",2019,1,29
50.735368,6.294149,"t60",2018,12,30
50.717116,6.345695,"t30",2019,4,3
50.717116,6.345695,"t60",2019,3,4
50.619605,6.494605,"t30",2018,2,8
50.619605,6.494605,"t60",2018,1,9
51.403281,6.995988,"t30",2019,1,29
51.403281,6.995988,"t60",2018,12,30
50.737227,6.413199,"t30",2019,2,14
50.737227,6.413199,"t60",2019,1,15
50.613929,6.431371,"t30",2018,2,13
50.613929,6.431371,"t60",2018,1,14
50.70178,6.270098,"t30",2016,4,10
50.70178,6.270098,"t60",2016,3,11
50.045353,6.53039,"t30",2017,3,20
50.045353,6.53039,"t60",2017,2,18
50.624294,6.502346,"t30",2018,2,26
50.624294,6.502346,"t60",2018,1,27
51.41865,6.930562,"t30",2019,2,21
51.41865,6.930562,"t60",2019,1,22
50.613929,6.431371,"t30",2015,3,27
50.613929,6.431371,"t60",2015,2,25
50.684688,6.412117,"t30",2019,2,4
50.684688,6.412117,"t60",2019,1,5
51.423306,7.033296,"t30",2019,3,3
51.423306,7.033296,"t60",2019,2,1
50.735368,6.294149,"t30",2016,3,13
50.735368,6.294149,"t60",2016,2,12
50.555043,6.426633,"t30",2018,3,26
50.555043,6.426633,"t60",2018,2,24
50.578169,6.278448,"t30",2017,6,27
50.578169,6.278448,"t60",2017,5,28
50.692652,6.47664,"t30",2018,3,21
50.692652,6.47664,"t60",2018,2,19
49.856419,6.448153,"t30",2016,2,27
49.856419,6.448153,"t60",2016,1,28
51.41865,6.930562,"t30",2018,4,14
51.41865,6.930562,"t60",2018,3,15
51.437,7.257333,"t30",2018,4,23
51.437,7.257333,"t60",2018,3,24
50.735089,6.359651,"t30",2019,2,13
50.735089,6.359651,"t60",2019,1,14
50.578169,6.278448,"t30",2015,11,2
50.578169,6.278448,"t60",2015,10,3
50.735368,6.294149,"t30",2015,11,8
50.735368,6.294149,"t60",2015,10,9
50.421674,6.493919,"t30",2018,6,24
50.421674,6.493919,"t60",2018,5,25
50.756932,6.321338,"t30",2018,2,25
50.756932,6.321338,"t60",2018,1,26
50.684688,6.412117,"t30",2018,9,22
50.684688,6.412117,"t60",2018,8,23
51.511293,7.235178,"t30",2019,7,18
51.511293,7.235178,"t60",2019,6,18
49.880094,6.426085,"t30",2017,2,27
49.880094,6.426085,"t60",2017,1,28
50.55541,6.43618,"t30",2018,3,18
50.55541,6.43618,"t60",2018,2,16
50.613929,6.431371,"t30",2019,3,3
50.613929,6.431371,"t60",2019,2,1
49.864623,10.488179,"t30",2020,6,1
49.864623,10.488179,"t60",2020,5,2
50.747069,6.366387,"t30",2017,3,19
50.747069,6.366387,"t60",2017,2,17
51.81343,6.373628,"t30",2019,4,27
51.81343,6.373628,"t60",2019,3,28
51.511293,7.235178,"t30",2019,4,28
51.511293,7.235178,"t60",2019,3,29
50.624289,6.502341,"t30",2019,3,17
50.624289,6.502341,"t60",2019,2,15
51.431025,6.968945,"t30",2019,3,26
51.431025,6.968945,"t60",2019,2,24
50.737227,6.413199,"t30",2018,2,25
50.737227,6.413199,"t60",2018,1,26
51.437,7.257333,"t30",2018,3,4
51.437,7.257333,"t60",2018,2,2
50.672648,6.230209,"t30",2019,2,7
50.672648,6.230209,"t60",2019,1,8
51.431025,6.968945,"t30",2019,2,23
51.431025,6.968945,"t60",2019,1,24
51.431025,6.968945,"t30",2017,12,6
51.431025,6.968945,"t60",2017,11,6
50.578169,6.278448,"t30",2015,10,29
50.578169,6.278448,"t60",2015,9,29
51.541882,6.833255,"t30",2019,3,11
51.541882,6.833255,"t60",2019,2,9
50.70277,6.417944,"t30",2014,9,7
50.70277,6.417944,"t60",2014,8,8
50.637806,6.449917,"t30",2018,4,28
50.637806,6.449917,"t60",2018,3,29
50.057222,6.434027,"t30",2017,4,3
50.057222,6.434027,"t60",2017,3,4
50.583735,6.440269,"t30",2016,8,19
50.583735,6.440269,"t60",2016,7,20
50.75414,6.307838,"t30",2018,4,13
50.75414,6.307838,"t60",2018,3,14
49.856405,6.448139,"t30",2016,2,27
49.856405,6.448139,"t60",2016,1,28
50.735368,6.294149,"t30",2018,3,5
50.735368,6.294149,"t60",2018,2,3
50.657733,6.323633,"t30",2019,4,24
50.657733,6.323633,"t60",2019,3,25
50.756521,6.243033,"t30",2018,7,30
50.756521,6.243033,"t60",2018,6,30
50.657735,6.323635,"t30",2018,4,11
50.657735,6.323635,"t60",2018,3,12
49.856413,6.448147,"t30",2016,2,27
49.856413,6.448147,"t60",2016,1,28
50.717116,6.345695,"t30",2017,2,16
50.717116,6.345695,"t60",2017,1,17
51.382679,6.972078,"t30",2018,8,1
51.382679,6.972078,"t60",2018,7,2
50.70178,6.270098,"t30",2016,3,13
50.70178,6.270098,"t60",2016,2,12
50.735368,6.294149,"t30",2016,2,27
50.735368,6.294149,"t60",2016,1,28
50.574681,6.401072,"t30",2018,4,16
50.574681,6.401072,"t60",2018,3,17
50.735368,6.294149,"t30",2018,2,25
50.735368,6.294149,"t60",2018,1,26
51.403281,6.995988,"t30",2019,3,28
51.403281,6.995988,"t60",2019,2,26
50.735368,6.294149,"t30",2016,3,7
50.735368,6.294149,"t60",2016,2,6
50.081105,6.474474,"t30",2017,4,23
50.081105,6.474474,"t60",2017,3,24
50.707151,6.391554,"t30",2016,4,10
50.707151,6.391554,"t60",2016,3,11
50.102032,6.179619,"t30",2017,4,10
50.102032,6.179619,"t60",2017,3,11
50.770778,6.204713,"t30",2019,3,31
50.770778,6.204713,"t60",2019,3,1
50.779818,6.324636,"t30",2017,2,7
50.779818,6.324636,"t60",2017,1,8
50.707151,6.391554,"t30",2017,5,28
50.707151,6.391554,"t60",2017,4,28
50.747074,6.366392,"t30",2019,3,3
50.747074,6.366392,"t60",2019,2,1
51.403281,6.995988,"t30",2019,8,24
51.403281,6.995988,"t60",2019,7,25
51.541882,6.833255,"t30",2019,3,4
51.541882,6.833255,"t60",2019,2,2
50.717116,6.345695,"t30",2019,3,28
50.717116,6.345695,"t60",2019,2,26
50.753787,6.336002,"t30",2017,1,28
50.753787,6.336002,"t60",2016,12,29
49.856404,6.448138,"t30",2018,2,10
49.856404,6.448138,"t60",2018,1,11
51.382679,6.972078,"t30",2016,9,4
51.382679,6.972078,"t60",2016,8,5
49.976417,6.474156,"t30",2018,5,24
49.976417,6.474156,"t60",2018,4,24
50.595878,6.266865,"t30",2019,5,13
50.595878,6.266865,"t60",2019,4,13
50.619605,6.494605,"t30",2019,2,7
50.619605,6.494605,"t60",2019,1,8
50.55541,6.43618,"t30",2018,5,19
50.55541,6.43618,"t60",2018,4,19
51.541882,6.833255,"t30",2019,2,18
51.541882,6.833255,"t60",2019,1,19
50.218513,6.327964,"t30",2016,3,14
50.218513,6.327964,"t60",2016,2,13
51.52021,7.26652,"t30",2018,6,14
51.52021,7.26652,"t60",2018,5,15
51.141144,6.150484,"t30",2017,11,5
51.141144,6.150484,"t60",2017,10,6
50.764826,6.210666,"t30",2019,3,30
50.764826,6.210666,"t60",2019,2,28
50.70178,6.270098,"t30",2015,3,26
50.70178,6.270098,"t60",2015,2,24
51.32174,6.858843,"t30",2018,7,14
51.32174,6.858843,"t60",2018,6,14
50.672648,6.230209,"t30",2019,2,4
50.672648,6.230209,"t60",2019,1,5
50.266302,6.359258,"t30",2019,4,16
50.266302,6.359258,"t60",2019,3,17
50.735368,6.294149,"t30",2018,9,23
50.735368,6.294149,"t60",2018,8,24
50.266297,6.359253,"t30",2019,4,16
50.266297,6.359253,"t60",2019,3,17
51.054447,7.146356,"t30",2020,1,31
51.054447,7.146356,"t60",2020,1,1
50.081105,6.474474,"t30",2019,3,24
50.081105,6.474474,"t60",2019,2,22
50.70178,6.270098,"t30",2018,9,9
50.70178,6.270098,"t60",2018,8,10
51.338167,10.086917,"t30",2020,3,31
51.338167,10.086917,"t60",2020,3,1
51.392093,7.11252,"t30",2018,2,10
51.392093,7.11252,"t60",2018,1,11
50.225602,6.434867,"t30",2018,6,11
50.225602,6.434867,"t60",2018,5,12
50.735368,6.294149,"t30",2016,2,24
50.735368,6.294149,"t60",2016,1,25
50.726667,6.323306,"t30",2019,3,13
50.726667,6.323306,"t60",2019,2,11
51.403281,6.995988,"t30",2019,4,21
51.403281,6.995988,"t60",2019,3,22
50.70178,6.270098,"t30",2015,4,3
50.70178,6.270098,"t60",2015,3,4
50.578169,6.278448,"t30",2015,10,19
50.578169,6.278448,"t60",2015,9,19
49.919317,6.405269,"t30",2016,3,5
49.919317,6.405269,"t60",2016,2,4
51.403281,6.995988,"t30",2019,3,25
51.403281,6.995988,"t60",2019,2,23
50.676448,6.198452,"t30",2019,3,9
50.676448,6.198452,"t60",2019,2,7
50.70178,6.270098,"t30",2018,3,1
50.70178,6.270098,"t60",2018,1,30
50.239439,6.396522,"t30",2017,4,24
50.239439,6.396522,"t60",2017,3,25
51.418056,7.250944,"t30",2018,8,1
51.418056,7.250944,"t60",2018,7,2
50.509209,6.295323,"t30",2018,4,29
50.509209,6.295323,"t60",2018,3,30
51.431025,6.968945,"t30",2019,9,15
51.431025,6.968945,"t60",2019,8,16
52.024067,8.460353,"t30",2019,2,1
52.024067,8.460353,"t60",2019,1,2
50.726667,6.323306,"t30",2018,3,18
50.726667,6.323306,"t60",2018,2,16
51.541882,6.833255,"t30",2019,3,12
51.541882,6.833255,"t60",2019,2,10
50.578169,6.278448,"t30",2015,11,7
50.578169,6.278448,"t60",2015,10,8
51.435,7.1385,"t30",2019,5,4
51.435,7.1385,"t60",2019,4,4
49.971806,6.48175,"t30",2018,5,24
49.971806,6.48175,"t60",2018,4,24
50.734514,6.30931,"t30",2017,2,27
50.734514,6.30931,"t60",2017,1,28
51.562273,6.846767,"t30",2019,3,3
51.562273,6.846767,"t60",2019,2,1
50.70178,6.270098,"t30",2019,2,13
50.70178,6.270098,"t60",2019,1,14
51.437,7.257333,"t30",2018,4,24
51.437,7.257333,"t60",2018,3,25
50.039648,6.417938,"t30",2017,4,3
50.039648,6.417938,"t60",2017,3,4
50.613929,6.431371,"t30",2019,3,29
50.613929,6.431371,"t60",2019,2,27
50.613929,6.431371,"t30",2016,3,2
50.613929,6.431371,"t60",2016,2,1
50.756932,6.321338,"t30",2017,2,16
50.756932,6.321338,"t60",2017,1,17
50.152251,6.170181,"t30",2015,3,27
50.152251,6.170181,"t60",2015,2,25
51.32174,6.858843,"t30",2018,7,9
51.32174,6.858843,"t60",2018,6,9
50.239443,6.396526,"t30",2017,4,24
50.239443,6.396526,"t60",2017,3,25
50.095487,6.251199,"t30",2016,3,2
50.095487,6.251199,"t60",2016,2,1
50.868203,6.425354,"t30",2019,3,3
50.868203,6.425354,"t60",2019,2,1
51.458732,7.452578,"t30",2020,2,3
51.458732,7.452578,"t60",2020,1,4
50.738106,6.252416,"t30",2018,5,28
50.738106,6.252416,"t60",2018,4,28
49.864623,10.488179,"t30",2020,5,27
49.864623,10.488179,"t60",2020,4,27
50.266284,6.35924,"t30",2019,4,16
50.266284,6.35924,"t60",2019,3,17
50.756932,6.321338,"t30",2017,2,6
50.756932,6.321338,"t60",2017,1,7
50.266294,6.35925,"t30",2019,4,16
50.266294,6.35925,"t60",2019,3,17
50.747076,6.366394,"t30",2019,3,3
50.747076,6.366394,"t60",2019,2,1
49.849103,6.326625,"t30",2018,2,26
49.849103,6.326625,"t60",2018,1,27
50.14179,6.284316,"t30",2017,4,10
50.14179,6.284316,"t60",2017,3,11
50.266286,6.359242,"t30",2019,4,16
50.266286,6.359242,"t60",2019,3,17
50.947346,6.027223,"t30",2017,3,24
50.947346,6.027223,"t60",2017,2,22
49.856407,6.448141,"t30",2016,2,27
49.856407,6.448141,"t60",2016,1,28
51.448228,7.279486,"t30",2019,4,17
51.448228,7.279486,"t60",2019,3,18
50.314751,6.461713,"t30",2018,5,4
50.314751,6.461713,"t60",2018,4,4
51.455695,7.299677,"t30",2020,1,2
51.455695,7.299677,"t60",2019,12,3
50.789973,6.375219,"t30",2018,2,14
50.789973,6.375219,"t60",2018,1,15
50.756932,6.321338,"t30",2019,1,22
50.756932,6.321338,"t60",2018,12,23
51.541882,6.833255,"t30",2019,2,25
51.541882,6.833255,"t60",2019,1,26
50.009568,6.888018,"t30",2019,3,14
50.009568,6.888018,"t60",2019,2,12
49.920602,6.435246,"t30",2017,3,19
49.920602,6.435246,"t60",2017,2,17
50.756932,6.321338,"t30",2019,2,4
50.756932,6.321338,"t60",2019,1,5
50.113526,6.280058,"t30",2019,3,5
50.113526,6.280058,"t60",2019,2,3
50.735368,6.294149,"t30",2019,1,11
50.735368,6.294149,"t60",2018,12,12
51.403281,6.995988,"t30",2018,8,22
51.403281,6.995988,"t60",2018,7,23
49.864623,10.488179,"t30",2020,5,26
49.864623,10.488179,"t60",2020,4,26
50.550369,6.358216,"t30",2019,4,23
50.550369,6.358216,"t60",2019,3,24
51.437,7.257333,"t30",2018,2,13
51.437,7.257333,"t60",2018,1,14
50.613929,6.431371,"t30",2019,3,17
50.613929,6.431371,"t60",2019,2,15
50.75414,6.307838,"t30",2018,2,13
50.75414,6.307838,"t60",2018,1,14
51.562273,6.846767,"t30",2019,2,19
51.562273,6.846767,"t60",2019,1,20
51.66687,7.55198,"t30",2018,3,26
51.66687,7.55198,"t60",2018,2,24
49.828069,6.403899,"t30",2017,2,17
49.828069,6.403899,"t60",2017,1,18
50.756932,6.321338,"t30",2015,2,27
50.756932,6.321338,"t60",2015,1,28
49.890914,6.590448,"t30",2019,2,23
49.890914,6.590448,"t60",2019,1,24
51.771382,6.354609,"t30",2019,4,27
51.771382,6.354609,"t60",2019,3,28
50.593152,6.512388,"t30",2017,4,10
50.593152,6.512388,"t60",2017,3,11
50.095489,6.251201,"t30",2016,3,2
50.095489,6.251201,"t60",2016,2,1
51.562273,6.846767,"t30",2019,3,31
51.562273,6.846767,"t60",2019,3,1
50.747078,6.366396,"t30",2019,3,3
50.747078,6.366396,"t60",2019,2,1
50.707151,6.391554,"t30",2015,2,27
50.707151,6.391554,"t60",2015,1,28
50.209456,6.346912,"t30",2017,4,24
50.209456,6.346912,"t60",2017,3,25
50.756932,6.321338,"t30",2017,12,30
50.756932,6.321338,"t60",2017,11,30
50.266283,6.359239,"t30",2018,3,12
50.266283,6.359239,"t60",2018,2,10
50.578169,6.278448,"t30",2015,11,5
50.578169,6.278448,"t60",2015,10,6
50.257929,6.734642,"t30",2018,5,27
50.257929,6.734642,"t60",2018,4,27
50.095488,6.2512,"t30",2016,3,2
50.095488,6.2512,"t60",2016,2,1
50.758872,6.303565,"t30",2019,4,21
50.758872,6.303565,"t60",2019,3,22
51.390638,6.513952,"t30",2019,4,28
51.390638,6.513952,"t60",2019,3,29
51.431025,6.968945,"t30",2019,2,12
51.431025,6.968945,"t60",2019,1,13
50.55541,6.43618,"t30",2018,4,16
50.55541,6.43618,"t60",2018,3,17
50.55541,6.43618,"t30",2017,4,9
50.55541,6.43618,"t60",2017,3,10
51.66687,7.55198,"t30",2018,4,3
51.66687,7.55198,"t60",2018,3,4
50.421674,6.493919,"t30",2018,6,25
50.421674,6.493919,"t60",2018,5,26
49.849103,6.326625,"t30",2017,3,1
49.849103,6.326625,"t60",2017,1,30
51.418056,7.250944,"t30",2019,9,3
51.418056,7.250944,"t60",2019,8,4
50.266296,6.359252,"t30",2019,4,16
50.266296,6.359252,"t60",2019,3,17
50.747082,6.3664,"t30",2019,3,26
50.747082,6.3664,"t60",2019,2,24
51.403281,6.995988,"t30",2018,3,12
51.403281,6.995988,"t60",2018,2,10
50.057222,6.434027,"t30",2019,3,18
50.057222,6.434027,"t60",2019,2,16
50.726667,6.323306,"t30",2017,3,13
50.726667,6.323306,"t60",2017,2,11
51.41865,6.930562,"t30",2018,10,13
51.41865,6.930562,"t60",2018,9,13
50.746724,6.232078,"t30",2016,2,13
50.746724,6.232078,"t60",2016,1,14
51.41865,6.930562,"t30",2018,10,14
51.41865,6.930562,"t60",2018,9,14
49.919317,6.405269,"t30",2019,3,10
49.919317,6.405269,"t60",2019,2,8
50.657736,6.323636,"t30",2018,4,11
50.657736,6.323636,"t60",2018,3,12
50.726667,6.323306,"t30",2019,3,12
50.726667,6.323306,"t60",2019,2,10
50.095484,6.251196,"t30",2019,3,6
50.095484,6.251196,"t60",2019,2,4
49.856415,6.448149,"t30",2016,2,27
49.856415,6.448149,"t60",2016,1,28
50.70178,6.270098,"t30",2018,2,8
50.70178,6.270098,"t60",2018,1,9
50.764826,6.210666,"t30",2019,3,31
50.764826,6.210666,"t60",2019,3,1
50.681882,6.428362,"t30",2018,3,2
50.681882,6.428362,"t60",2018,1,31
50.578169,6.278448,"t30",2017,6,5
50.578169,6.278448,"t60",2017,5,6
50.70178,6.270098,"t30",2019,2,4
50.70178,6.270098,"t60",2019,1,5
50.568565,6.202638,"t30",2019,5,13
50.568565,6.202638,"t60",2019,4,13
51.8,9.49,"t30",2020,3,31
51.8,9.49,"t60",2020,3,1
50.053375,6.213533,"t30",2016,2,29
50.053375,6.213533,"t60",2016,1,30
51.431025,6.968945,"t30",2019,4,23
51.431025,6.968945,"t60",2019,3,24
50.113526,6.280058,"t30",2019,3,6
50.113526,6.280058,"t60",2019,2,4
50.676448,6.198452,"t30",2019,4,1
50.676448,6.198452,"t60",2019,3,2
49.856414,6.448148,"t30",2016,2,27
49.856414,6.448148,"t60",2016,1,28
51.423306,7.033296,"t30",2019,2,26
51.423306,7.033296,"t60",2019,1,27
49.856406,6.44814,"t30",2016,2,27
49.856406,6.44814,"t60",2016,1,28
51.403281,6.995988,"t30",2019,1,30
51.403281,6.995988,"t60",2018,12,31
50.70277,6.417944,"t30",2014,9,8
50.70277,6.417944,"t60",2014,8,9
50.657733,6.323633,"t30",2019,4,9
50.657733,6.323633,"t60",2019,3,10
51.511293,7.235178,"t30",2019,7,21
51.511293,7.235178,"t60",2019,6,21
50.508012,6.245711,"t30",2018,4,18
50.508012,6.245711,"t60",2018,3,19
51.403281,6.995988,"t30",2018,12,4
51.403281,6.995988,"t60",2018,11,4
50.764144,6.371654,"t30",2018,3,11
50.764144,6.371654,"t60",2018,2,9
50.55541,6.43618,"t30",2018,4,3
50.55541,6.43618,"t60",2018,3,4
50.676448,6.198452,"t30",2019,1,22
50.676448,6.198452,"t60",2018,12,23
51.177977,6.418822,"t30",2019,3,30
51.177977,6.418822,"t60",2019,2,28
50.248808,6.227066,"t30",2017,2,15
50.248808,6.227066,"t60",2017,1,16
51.418056,7.250944,"t30",2019,2,5
51.418056,7.250944,"t60",2019,1,6
50.756521,6.243033,"t30",2018,5,16
50.756521,6.243033,"t60",2018,4,16
50.756932,6.321338,"t30",2016,3,1
50.756932,6.321338,"t60",2016,1,31
50.756932,6.321338,"t30",2017,6,22
50.756932,6.321338,"t60",2017,5,23
49.856404,6.448138,"t30",2015,2,24
49.856404,6.448138,"t60",2015,1,25
49.845261,6.389539,"t30",2018,2,24
49.845261,6.389539,"t60",2018,1,25
49.719908,6.652989,"t30",2016,4,3
49.719908,6.652989,"t60",2016,3,4
51.436599,7.048501,"t30",2019,2,3
51.436599,7.048501,"t60",2019,1,4
49.919317,6.405269,"t30",2019,3,26
49.919317,6.405269,"t60",2019,2,24
49.856404,6.448138,"t30",2017,2,6
49.856404,6.448138,"t60",2017,1,7
50.747069,6.366387,"t30",2018,3,13
50.747069,6.366387,"t60",2018,2,11
50.672648,6.230209,"t30",2019,2,12
50.672648,6.230209,"t60",2019,1,13
49.919317,6.405269,"t30",2019,2,4
49.919317,6.405269,"t60",2019,1,5
50.70178,6.270098,"t30",2019,2,1
50.70178,6.270098,"t60",2019,1,2
50.035977,6.372919,"t30",2017,4,5
50.035977,6.372919,"t60",2017,3,6
50.79085,6.383657,"t30",2017,4,13
50.79085,6.383657,"t60",2017,3,14
50.692512,6.435706,"t30",2019,1,9
50.692512,6.435706,"t60",2018,12,10
50.7576781,6.3220121,"t30",2016,3,11
50.7576781,6.3220121,"t60",2016,2,10
50.735089,6.359651,"t30",2018,3,11
50.735089,6.359651,"t60",2018,2,9
50.095485,6.251197,"t30",2016,3,2
50.095485,6.251197,"t60",2016,2,1
51.418056,7.250944,"t30",2018,3,5
51.418056,7.250944,"t60",2018,2,3
50.726667,6.323306,"t30",2017,3,14
50.726667,6.323306,"t60",2017,2,12
50.70178,6.270098,"t30",2017,2,18
50.70178,6.270098,"t60",2017,1,19
51.541882,6.833255,"t30",2019,3,13
51.541882,6.833255,"t60",2019,2,11
50.416919,6.643198,"t30",2018,6,24
50.416919,6.643198,"t60",2018,5,25
50.70178,6.270098,"t30",2016,3,7
50.70178,6.270098,"t60",2016,2,6
50.26629,6.359246,"t30",2019,4,16
50.26629,6.359246,"t60",2019,3,17
50.152251,6.170181,"t30",2017,4,11
50.152251,6.170181,"t60",2017,3,12
50.23799,6.36698,"t30",2018,3,10
50.23799,6.36698,"t60",2018,2,8
50.747069,6.366387,"t30",2018,2,7
50.747069,6.366387,"t60",2018,1,8
50.789973,6.375219,"t30",2018,2,25
50.789973,6.375219,"t60",2018,1,26
50.684688,6.412117,"t30",2018,2,9
50.684688,6.412117,"t60",2018,1,10
50.569117,6.489517,"t30",2019,4,21
50.569117,6.489517,"t60",2019,3,22
50.266308,6.359264,"t30",2019,4,16
50.266308,6.359264,"t60",2019,3,17
50.239441,6.396524,"t30",2017,4,24
50.239441,6.396524,"t60",2017,3,25
50.574681,6.401072,"t30",2016,3,13
50.574681,6.401072,"t60",2016,2,12
49.919317,6.405269,"t30",2019,3,4
49.919317,6.405269,"t60",2019,2,2
50.75414,6.307838,"t30",2018,5,20
50.75414,6.307838,"t60",2018,4,20
50.694938,6.579291,"t30",2019,4,9
50.694938,6.579291,"t60",2019,3,10
50.574681,6.401072,"t30",2015,3,26
50.574681,6.401072,"t60",2015,2,24
51.049363,6.298195,"t30",2018,9,12
51.049363,6.298195,"t60",2018,8,13
50.26617,6.341554,"t30",2018,4,16
50.26617,6.341554,"t60",2018,3,17
50.342486,6.560344,"t30",2018,5,5
50.342486,6.560344,"t60",2018,4,5
51.387469,7.463797,"t30",2018,4,13
51.387469,7.463797,"t60",2018,3,14
50.747069,6.366387,"t30",2018,3,12
50.747069,6.366387,"t60",2018,2,10
50.218513,6.327964,"t30",2018,3,11
50.218513,6.327964,"t60",2018,2,9
50.672648,6.230209,"t30",2017,2,2
50.672648,6.230209,"t60",2017,1,3
50.239442,6.396525,"t30",2017,4,24
50.239442,6.396525,"t60",2017,3,25
50.681882,6.428362,"t30",2017,1,23
50.681882,6.428362,"t60",2016,12,24
51.32174,6.858843,"t30",2018,8,23
51.32174,6.858843,"t60",2018,7,24
51.403281,6.995988,"t30",2019,4,27
51.403281,6.995988,"t60",2019,3,28
50.947346,6.027223,"t30",2017,3,22
50.947346,6.027223,"t60",2017,2,20
50.841698,6.44183,"t30",2019,4,28
50.841698,6.44183,"t60",2019,3,29
50.738106,6.252416,"t30",2019,3,26
50.738106,6.252416,"t60",2019,2,24
50.735368,6.294149,"t30",2018,3,1
50.735368,6.294149,"t60",2018,1,30
51.392093,7.11252,"t30",2017,7,16
51.392093,7.11252,"t60",2017,6,16
49.864623,10.488179,"t30",2020,5,11
49.864623,10.488179,"t60",2020,4,11
50.789973,6.375219,"t30",2018,4,13
50.789973,6.375219,"t60",2018,3,14
50.624293,6.502345,"t30",2018,2,26
50.624293,6.502345,"t60",2018,1,27
51.382679,6.972078,"t30",2018,12,15
51.382679,6.972078,"t60",2018,11,15
50.7512,6.309699,"t30",2019,4,21
50.7512,6.309699,"t60",2019,3,22
50.613929,6.431371,"t30",2018,9,25
50.613929,6.431371,"t60",2018,8,26
51.431025,6.968945,"t30",2019,3,25
51.431025,6.968945,"t60",2019,2,23
50.266299,6.359255,"t30",2019,4,16
50.266299,6.359255,"t60",2019,3,17
51.66687,7.55198,"t30",2018,4,9
51.66687,7.55198,"t60",2018,3,10
51.435,7.1385,"t30",2019,2,4
51.435,7.1385,"t60",2019,1,5
51.52021,7.26652,"t30",2019,4,13
51.52021,7.26652,"t60",2019,3,14
50.266292,6.359248,"t30",2019,4,16
50.266292,6.359248,"t60",2019,3,17
50.676448,6.198452,"t30",2019,2,4
50.676448,6.198452,"t60",2019,1,5
50.96919,6.27749,"t30",2019,3,17
50.96919,6.27749,"t60",2019,2,15
50.266306,6.359262,"t30",2019,4,16
50.266306,6.359262,"t60",2019,3,17
51.436599,7.048501,"t30",2019,2,4
51.436599,7.048501,"t60",2019,1,5
51.532323,7.289932,"t30",2019,4,27
51.532323,7.289932,"t60",2019,3,28
50.55541,6.43618,"t30",2016,3,16
50.55541,6.43618,"t60",2016,2,15
50.55541,6.43618,"t30",2016,8,19
50.55541,6.43618,"t60",2016,7,20
51.148773,6.19797,"t30",2017,3,6
51.148773,6.19797,"t60",2017,2,4
50.746724,6.232078,"t30",2019,5,15
50.746724,6.232078,"t60",2019,4,15
50.747084,6.366402,"t30",2019,3,26
50.747084,6.366402,"t60",2019,2,24
50.548397,6.292036,"t30",2019,3,26
50.548397,6.292036,"t60",2019,2,24
50.080676,6.390217,"t30",2016,3,14
50.080676,6.390217,"t60",2016,2,13
50.057222,6.434027,"t30",2017,4,2
50.057222,6.434027,"t60",2017,3,3
51.437,7.257333,"t30",2019,2,2
51.437,7.257333,"t60",2019,1,3
49.976417,6.474156,"t30",2018,5,22
49.976417,6.474156,"t60",2018,4,22
50.70178,6.270098,"t30",2017,4,21
50.70178,6.270098,"t60",2017,3,22
50.26952,6.523619,"t30",2018,7,14
50.26952,6.523619,"t60",2018,6,14
51.358604,6.990914,"t30",2018,5,16
51.358604,6.990914,"t60",2018,4,16
51.403281,6.995988,"t30",2019,4,8
51.403281,6.995988,"t60",2019,3,9
50.1662,6.191891,"t30",2015,3,27
50.1662,6.191891,"t60",2015,2,25
50.266317,6.359273,"t30",2019,4,17
50.266317,6.359273,"t60",2019,3,18
51.511293,7.235178,"t30",2019,9,8
51.511293,7.235178,"t60",2019,8,9
49.845261,6.389539,"t30",2019,2,10
49.845261,6.389539,"t60",2019,1,11
49.810117,6.530386,"t30",2016,2,27
49.810117,6.530386,"t60",2016,1,28
50.266298,6.359254,"t30",2019,4,16
50.266298,6.359254,"t60",2019,3,17
51.435,7.1385,"t30",2018,3,12
51.435,7.1385,"t60",2018,2,10
51.403281,6.995988,"t30",2019,4,2
51.403281,6.995988,"t60",2019,3,3
51.562273,6.846767,"t30",2019,4,2
51.562273,6.846767,"t60",2019,3,3
51.404382,6.973143,"t30",2019,4,17
51.404382,6.973143,"t60",2019,3,18
50.26617,6.341554,"t30",2017,4,9
50.26617,6.341554,"t60",2017,3,10
50.735089,6.359651,"t30",2017,3,12
50.735089,6.359651,"t60",2017,2,10
50.70178,6.270098,"t30",2017,4,2
50.70178,6.270098,"t60",2017,3,3
50.342486,6.560344,"t30",2018,5,8
50.342486,6.560344,"t60",2018,4,8
50.113526,6.280058,"t30",2018,3,4
50.113526,6.280058,"t60",2018,2,2
51.403281,6.995988,"t30",2019,9,6
51.403281,6.995988,"t60",2019,8,7
50.266316,6.359272,"t30",2019,4,17
50.266316,6.359272,"t60",2019,3,18
50.7576781,6.3220121,"t30",2016,4,6
50.7576781,6.3220121,"t60",2016,3,7
50.624291,6.502343,"t30",2018,2,26
50.624291,6.502343,"t60",2018,1,27
50.574681,6.401072,"t30",2016,4,10
50.574681,6.401072,"t60",2016,3,11
50.982539,5.989102,"t30",2017,3,27
50.982539,5.989102,"t60",2017,2,25
50.624289,6.502341,"t30",2018,2,26
50.624289,6.502341,"t60",2018,1,27
50.189603,6.632222,"t30",2018,5,27
50.189603,6.632222,"t60",2018,4,27
49.845261,6.389539,"t30",2019,3,13
49.845261,6.389539,"t60",2019,2,11
50.747079,6.366397,"t30",2019,3,3
50.747079,6.366397,"t60",2019,2,1
50.589497,6.448528,"t30",2018,4,16
50.589497,6.448528,"t60",2018,3,17
49.856404,6.448138,"t30",2019,2,5
49.856404,6.448138,"t60",2019,1,6
50.613929,6.431371,"t30",2018,2,8
50.613929,6.431371,"t60",2018,1,9
50.740461,6.412351,"t30",2017,2,4
50.740461,6.412351,"t60",2017,1,5
51.199496,7.104182,"t30",2019,12,9
51.199496,7.104182,"t60",2019,11,9
51.403281,6.995988,"t30",2019,2,1
51.403281,6.995988,"t60",2019,1,2
50.747081,6.366399,"t30",2019,3,3
50.747081,6.366399,"t60",2019,2,1
50.266314,6.35927,"t30",2019,4,17
50.266314,6.35927,"t60",2019,3,18
49.856404,6.448138,"t30",2019,2,3
49.856404,6.448138,"t60",2019,1,4
50.562297,6.279368,"t30",2017,4,2
50.562297,6.279368,"t60",2017,3,3
50.680758,6.426492,"t30",2018,2,25
50.680758,6.426492,"t60",2018,1,26
49.828069,6.403899,"t30",2018,4,2
49.828069,6.403899,"t60",2018,3,3
50.83677,6.101372,"t30",2019,5,8
50.83677,6.101372,"t60",2019,4,8
50.102032,6.179619,"t30",2017,4,9
50.102032,6.179619,"t60",2017,3,10
50.735089,6.359651,"t30",2017,1,24
50.735089,6.359651,"t60",2016,12,25
50.789973,6.375219,"t30",2019,3,3
50.789973,6.375219,"t60",2019,2,1
51.382679,6.972078,"t30",2019,2,18
51.382679,6.972078,"t60",2019,1,19
50.676448,6.198452,"t30",2019,3,28
50.676448,6.198452,"t60",2019,2,26
51.403281,6.995988,"t30",2019,2,24
51.403281,6.995988,"t60",2019,1,25
50.55541,6.43618,"t30",2016,4,19
50.55541,6.43618,"t60",2016,3,20
49.864623,10.488179,"t30",2020,5,16
49.864623,10.488179,"t60",2020,4,16
49.845261,6.389539,"t30",2015,4,4
49.845261,6.389539,"t60",2015,3,5
50.747069,6.366387,"t30",2018,2,11
50.747069,6.366387,"t60",2018,1,12
49.864623,10.488179,"t30",2020,6,20
49.864623,10.488179,"t60",2020,5,21
50.717116,6.345695,"t30",2017,2,1
50.717116,6.345695,"t60",2017,1,2
51.437,7.257333,"t30",2019,9,1
51.437,7.257333,"t60",2019,8,2
50.70277,6.417944,"t30",2014,8,10
50.70277,6.417944,"t60",2014,7,11
50.266318,6.359274,"t30",2019,4,17
50.266318,6.359274,"t60",2019,3,18
50.095484,6.251196,"t30",2016,3,2
50.095484,6.251196,"t60",2016,2,1
50.624289,6.502341,"t30",2019,2,7
50.624289,6.502341,"t60",2019,1,8
50.266309,6.359265,"t30",2019,4,16
50.266309,6.359265,"t60",2019,3,17
50.779818,6.324636,"t30",2017,3,4
50.779818,6.324636,"t60",2017,2,2
50.7576781,6.3220121,"t30",2016,4,1
50.7576781,6.3220121,"t60",2016,3,2
50.65,7.06,"t30",2019,2,23
50.65,7.06,"t60",2019,1,24
50.55541,6.43618,"t30",2018,5,12
50.55541,6.43618,"t60",2018,4,12
50.70178,6.270098,"t30",2018,2,25
50.70178,6.270098,"t60",2018,1,26
50.23799,6.36698,"t30",2019,4,16
50.23799,6.36698,"t60",2019,3,17
50.6152,6.409683,"t30",2019,3,19
50.6152,6.409683,"t60",2019,2,17
51.66687,7.55198,"t30",2018,3,15
51.66687,7.55198,"t60",2018,2,13
50.676496,6.171786,"t30",2018,5,8
50.676496,6.171786,"t60",2018,4,8
49.849103,6.326625,"t30",2019,2,17
49.849103,6.326625,"t60",2019,1,18
50.756932,6.321338,"t30",2015,3,26
50.756932,6.321338,"t60",2015,2,24
50.756932,6.321338,"t30",2016,3,17
50.756932,6.321338,"t60",2016,2,16
50.266305,6.359261,"t30",2019,4,16
50.266305,6.359261,"t60",2019,3,17
51.32174,6.858843,"t30",2018,3,12
51.32174,6.858843,"t60",2018,2,10
50.70178,6.270098,"t30",2018,3,30
50.70178,6.270098,"t60",2018,2,28
50.726667,6.323306,"t30",2017,3,12
50.726667,6.323306,"t60",2017,2,10
51.41865,6.930562,"t30",2019,2,28
51.41865,6.930562,"t60",2019,1,29
51.418056,7.250944,"t30",2018,3,4
51.418056,7.250944,"t60",2018,2,2
49.856404,6.448138,"t30",2017,2,27
49.856404,6.448138,"t60",2017,1,28
50.342486,6.560344,"t30",2018,5,7
50.342486,6.560344,"t60",2018,4,7
50.266291,6.359247,"t30",2019,4,16
50.266291,6.359247,"t60",2019,3,17
50.86491,6.122293,"t30",2019,4,15
50.86491,6.122293,"t60",2019,3,16
50.7576781,6.3220121,"t30",2016,3,28
50.7576781,6.3220121,"t60",2016,2,27
51.418056,7.250944,"t30",2018,2,26
51.418056,7.250944,"t60",2018,1,27
49.763169,6.611662,"t30",2014,7,2
49.763169,6.611662,"t60",2014,6,2
50.266303,6.359259,"t30",2019,4,16
50.266303,6.359259,"t60",2019,3,17
50.528889,6.298801,"t30",2018,5,28
50.528889,6.298801,"t60",2018,4,28
51.423306,7.033296,"t30",2019,4,29
51.423306,7.033296,"t60",2019,3,30
51.384235,6.562701,"t30",2019,4,28
51.384235,6.562701,"t60",2019,3,29
51.541882,6.833255,"t30",2019,2,14
51.541882,6.833255,"t60",2019,1,15
51.337388,7.142683,"t30",2018,2,22
51.337388,7.142683,"t60",2018,1,23
51.343183,7.077412,"t30",2018,3,10
51.343183,7.077412,"t60",2018,2,8
51.511293,7.235178,"t30",2019,7,22
51.511293,7.235178,"t60",2019,6,22
51.437,7.257333,"t30",2018,2,27
51.437,7.257333,"t60",2018,1,28
49.925429,6.284984,"t30",2017,3,12
49.925429,6.284984,"t60",2017,2,10
50.841698,6.44183,"t30",2019,3,5
50.841698,6.44183,"t60",2019,2,3
50.578169,6.278448,"t30",2015,10,27
50.578169,6.278448,"t60",2015,9,27
51.431025,6.968945,"t30",2017,12,7
51.431025,6.968945,"t60",2017,11,7
50.698722,6.274389,"t30",2015,11,15
50.698722,6.274389,"t60",2015,10,16
50.735368,6.294149,"t30",2018,9,24
50.735368,6.294149,"t60",2018,8,25
50.266285,6.359241,"t30",2019,4,16
50.266285,6.359241,"t60",2019,3,17
50.266295,6.359251,"t30",2019,4,16
50.266295,6.359251,"t60",2019,3,17
50.225602,6.434867,"t30",2018,6,12
50.225602,6.434867,"t60",2018,5,13
50.756932,6.321338,"t30",2017,2,2
50.756932,6.321338,"t60",2017,1,3
51.437,7.257333,"t30",2019,1,30
51.437,7.257333,"t60",2018,12,31
50.70277,6.417944,"t30",2014,8,2
50.70277,6.417944,"t60",2014,7,3
51.049363,6.298195,"t30",2018,6,11
51.049363,6.298195,"t60",2018,5,12
50.676448,6.198452,"t30",2017,5,28
50.676448,6.198452,"t60",2017,4,28
49.856404,6.448138,"t30",2019,2,4
49.856404,6.448138,"t60",2019,1,5
50.578169,6.278448,"t30",2015,10,20
50.578169,6.278448,"t60",2015,9,20
49.85641,6.448144,"t30",2016,2,27
49.85641,6.448144,"t60",2016,1,28
50.70178,6.270098,"t30",2017,3,2
50.70178,6.270098,"t60",2017,1,31
49.828069,6.403899,"t30",2016,2,24
49.828069,6.403899,"t60",2016,1,25
50.672648,6.230209,"t30",2018,2,10
50.672648,6.230209,"t60",2018,1,11
52.014698,8.511353,"t30",2019,2,1
52.014698,8.511353,"t60",2019,1,2
51.749378,9.36475,"t30",2019,2,11
51.749378,9.36475,"t60",2019,1,12
50.349104,7.678652,"t30",2015,6,1
50.349104,7.678652,"t60",2015,5,2
50.613929,6.431371,"t30",2018,3,11
50.613929,6.431371,"t60",2018,2,9
49.880861,6.338427,"t30",2018,2,11
49.880861,6.338427,"t60",2018,1,12
51.148773,6.19797,"t30",2017,3,29
51.148773,6.19797,"t60",2017,2,27
51.403281,6.995988,"t30",2019,2,26
51.403281,6.995988,"t60",2019,1,27
49.804369,6.514113,"t30",2019,5,4
49.804369,6.514113,"t60",2019,4,4
50.62429,6.502342,"t30",2018,2,26
50.62429,6.502342,"t60",2018,1,27
50.684688,6.412117,"t30",2019,3,4
50.684688,6.412117,"t60",2019,2,2
51.403281,6.995988,"t30",2019,9,4
51.403281,6.995988,"t60",2019,8,5
50.747083,6.366401,"t30",2019,3,26
50.747083,6.366401,"t60",2019,2,24
50.057222,6.434027,"t30",2018,5,21
50.057222,6.434027,"t60",2018,4,21
51.437,7.257333,"t30",2018,2,7
51.437,7.257333,"t60",2018,1,8
51.41865,6.930562,"t30",2018,8,25
51.41865,6.930562,"t60",2018,7,26
50.589495,6.448526,"t30",2018,4,16
50.589495,6.448526,"t60",2018,3,17
50.735089,6.359651,"t30",2019,2,7
50.735089,6.359651,"t60",2019,1,8
51.403281,6.995988,"t30",2019,3,9
51.403281,6.995988,"t60",2019,2,7
51.423306,7.033296,"t30",2019,3,25
51.423306,7.033296,"t60",2019,2,23
50.735368,6.294149,"t30",2019,2,4
50.735368,6.294149,"t60",2019,1,5
50.266311,6.359267,"t30",2019,4,17
50.266311,6.359267,"t60",2019,3,18
50.681882,6.428362,"t30",2017,4,9
50.681882,6.428362,"t60",2017,3,10
51.505806,6.902312,"t30",2018,10,1
51.505806,6.902312,"t60",2018,9,1
50.624295,6.502347,"t30",2018,2,26
50.624295,6.502347,"t60",2018,1,27
51.382679,6.972078,"t30",2018,3,7
51.382679,6.972078,"t60",2018,2,5
49.864623,10.488179,"t30",2020,5,15
49.864623,10.488179,"t60",2020,4,15
50.735089,6.359651,"t30",2017,1,28
50.735089,6.359651,"t60",2016,12,29
50.70178,6.270098,"t30",2018,9,24
50.70178,6.270098,"t60",2018,8,25
50.74708,6.366398,"t30",2019,3,3
50.74708,6.366398,"t60",2019,2,1
50.266304,6.35926,"t30",2019,4,16
50.266304,6.35926,"t60",2019,3,17
50.735368,6.294149,"t30",2016,3,17
50.735368,6.294149,"t60",2016,2,16
50.555405,6.436182,"t30",2019,4,21
50.555405,6.436182,"t60",2019,3,22
51.437,7.257333,"t30",2018,3,27
51.437,7.257333,"t60",2018,2,25
50.746724,6.232078,"t30",2018,5,16
50.746724,6.232078,"t60",2018,4,16
50.23799,6.36698,"t30",2018,3,11
50.23799,6.36698,"t60",2018,2,9
50.70178,6.270098,"t30",2019,1,29
50.70178,6.270098,"t60",2018,12,30
50.692512,6.435706,"t30",2017,12,26
50.692512,6.435706,"t60",2017,11,26
50.756932,6.321338,"t30",2019,3,3
50.756932,6.321338,"t60",2019,2,1
50.70277,6.417944,"t30",2018,9,15
50.70277,6.417944,"t60",2018,8,16
51.431025,6.968945,"t30",2019,3,3
51.431025,6.968945,"t60",2019,2,1
50.266315,6.359271,"t30",2019,4,17
50.266315,6.359271,"t60",2019,3,18
50.574681,6.401072,"t30",2016,3,6
50.574681,6.401072,"t60",2016,2,5
49.919317,6.405269,"t30",2019,3,9
49.919317,6.405269,"t60",2019,2,7
49.856411,6.448145,"t30",2016,2,27
49.856411,6.448145,"t60",2016,1,28
50.7576781,6.3220121,"t30",2016,3,17
50.7576781,6.3220121,"t60",2016,2,16
50.735368,6.294149,"t30",2018,3,11
50.735368,6.294149,"t60",2018,2,9
51.398075,9.626154,"t30",2018,9,25
51.398075,9.626154,"t60",2018,8,26
51.323936,7.366966,"t30",2019,3,5
51.323936,7.366966,"t60",2019,2,3
50.737227,6.413199,"t30",2019,3,10
50.737227,6.413199,"t60",2019,2,8
50.209914,6.658375,"t30",2019,5,8
50.209914,6.658375,"t60",2019,4,8
51.759072,6.440043,"t30",2019,4,27
51.759072,6.440043,"t60",2019,3,28
50.747069,6.366387,"t30",2016,4,4
50.747069,6.366387,"t60",2016,3,5
50.692512,6.435706,"t30",2017,2,7
50.692512,6.435706,"t60",2017,1,8
50.676448,6.198452,"t30",2018,2,25
50.676448,6.198452,"t60",2018,1,26
50.676448,6.198452,"t30",2017,8,10
50.676448,6.198452,"t60",2017,7,11
50.692512,6.435706,"t30",2019,2,4
50.692512,6.435706,"t60",2019,1,5
51.511293,7.235178,"t30",2019,9,6
51.511293,7.235178,"t60",2019,8,7
50.71486,6.34355,"t30",2019,4,2
50.71486,6.34355,"t60",2019,3,3
51.403281,6.995988,"t30",2019,8,31
51.403281,6.995988,"t60",2019,8,1
51.403281,6.995988,"t30",2019,8,30
51.403281,6.995988,"t60",2019,7,31
50.746724,6.232078,"t30",2018,8,1
50.746724,6.232078,"t60",2018,7,2
50.624292,6.502344,"t30",2018,2,26
50.624292,6.502344,"t60",2018,1,27
50.525597,6.787115,"t30",2017,12,6
50.525597,6.787115,"t60",2017,11,6
50.75414,6.307838,"t30",2018,4,14
50.75414,6.307838,"t60",2018,3,15
50.266283,6.359239,"t30",2017,4,24
50.266283,6.359239,"t60",2017,3,25
49.856416,6.44815,"t30",2016,2,27
49.856416,6.44815,"t60",2016,1,28
50.266319,6.359275,"t30",2019,4,17
50.266319,6.359275,"t60",2019,3,18
49.856409,6.448143,"t30",2016,2,27
49.856409,6.448143,"t60",2016,1,28
50.692644,6.199071,"t30",2016,3,30
50.692644,6.199071,"t60",2016,2,29
50.756521,6.243033,"t30",2019,5,15
50.756521,6.243033,"t60",2019,4,15
49.943828,6.236489,"t30",2017,3,13
49.943828,6.236489,"t60",2017,2,11
51.423306,7.033296,"t30",2018,3,1
51.423306,7.033296,"t60",2018,1,30
50.657733,6.323633,"t30",2018,4,11
50.657733,6.323633,"t60",2018,3,12
50.2663,6.359256,"t30",2019,4,16
50.2663,6.359256,"t60",2019,3,17
49.976417,6.474156,"t30",2019,2,18
49.976417,6.474156,"t60",2019,1,19
50.26631,6.359266,"t30",2019,4,17
50.26631,6.359266,"t60",2019,3,18
50.735368,6.294149,"t30",2015,3,27
50.735368,6.294149,"t60",2015,2,25
50.296815,6.462875,"t30",2017,5,1
50.296815,6.462875,"t60",2017,4,1
50.746724,6.232078,"t30",2018,3,17
50.746724,6.232078,"t60",2018,2,15
50.213135,6.190452,"t30",2017,2,15
50.213135,6.190452,"t60",2017,1,16
49.943828,6.236489,"t30",2018,5,22
49.943828,6.236489,"t60",2018,4,22
50.70178,6.270098,"t30",2019,3,9
50.70178,6.270098,"t60",2019,2,7
50.676448,6.198452,"t30",2018,2,28
50.676448,6.198452,"t60",2018,1,29
50.947346,6.027223,"t30",2019,3,25
50.947346,6.027223,"t60",2019,2,23
50.193284,6.306951,"t30",2017,4,15
50.193284,6.306951,"t60",2017,3,16
51.423306,7.033296,"t30",2019,4,21
51.423306,7.033296,"t60",2019,3,22
49.864623,10.488179,"t30",2020,5,31
49.864623,10.488179,"t60",2020,5,1
50.218513,6.327964,"t30",2017,4,15
50.218513,6.327964,"t60",2017,3,16
50.613929,6.431371,"t30",2015,3,12
50.613929,6.431371,"t60",2015,2,10
50.747069,6.366387,"t30",2019,3,3
50.747069,6.366387,"t60",2019,2,1
50.26632,6.359276,"t30",2019,4,17
50.26632,6.359276,"t60",2019,3,18
50.568565,6.202638,"t30",2018,5,2
50.568565,6.202638,"t60",2018,4,2
50.717116,6.345695,"t30",2017,3,13
50.717116,6.345695,"t60",2017,2,11
51.66687,7.55198,"t30",2018,4,17
51.66687,7.55198,"t60",2018,3,18
50.687115,6.474346,"t30",2017,4,20
50.687115,6.474346,"t60",2017,3,21
51.541882,6.833255,"t30",2019,3,25
51.541882,6.833255,"t60",2019,2,23
50.735368,6.294149,"t30",2018,2,10
50.735368,6.294149,"t60",2018,1,11
50.684688,6.412117,"t30",2016,4,10
50.684688,6.412117,"t60",2016,3,11
50.173356,7.62397,"t30",2014,9,12
50.173356,7.62397,"t60",2014,8,13
50.578169,6.278448,"t30",2015,10,31
50.578169,6.278448,"t60",2015,10,1
50.692512,6.435706,"t30",2017,1,21
50.692512,6.435706,"t60",2016,12,22
49.856408,6.448142,"t30",2016,2,27
49.856408,6.448142,"t60",2016,1,28
50.722971,6.533593,"t30",2018,3,19
50.722971,6.533593,"t60",2018,2,17
49.974778,6.482083,"t30",2018,5,24
49.974778,6.482083,"t60",2018,4,24
51.66687,7.55198,"t30",2018,4,18
51.66687,7.55198,"t60",2018,3,19
50.735368,6.294149,"t30",2017,8,20
50.735368,6.294149,"t60",2017,7,21
51.32174,6.858843,"t30",2018,3,1
51.32174,6.858843,"t60",2018,1,30
51.099426,6.167827,"t30",2017,8,7
51.099426,6.167827,"t60",2017,7,8
50.74707,6.366388,"t30",2019,3,3
50.74707,6.366388,"t60",2019,2,1
50.735089,6.359651,"t30",2018,3,4
50.735089,6.359651,"t60",2018,2,2
51.429405,7.387315,"t30",2019,1,12
51.429405,7.387315,"t60",2018,12,13
50.613929,6.431371,"t30",2015,3,13
50.613929,6.431371,"t60",2015,2,11
50.624296,6.502348,"t30",2018,2,26
50.624296,6.502348,"t60",2018,1,27
49.856418,6.448152,"t30",2016,2,27
49.856418,6.448152,"t60",2016,1,28
51.174364,6.162144,"t30",2016,12,7
51.174364,6.162144,"t60",2016,11,7
51.32174,6.858843,"t30",2019,9,5
51.32174,6.858843,"t60",2019,8,6
50.681882,6.428362,"t30",2018,2,25
50.681882,6.428362,"t60",2018,1,26
50.613929,6.431371,"t30",2019,3,26
50.613929,6.431371,"t60",2019,2,24
50.266287,6.359243,"t30",2019,4,16
50.266287,6.359243,"t60",2019,3,17
50.26952,6.523619,"t30",2018,4,17
50.26952,6.523619,"t60",2018,3,18
50.676448,6.198452,"t30",2018,2,11
50.676448,6.198452,"t60",2018,1,12
50.79085,6.383657,"t30",2019,4,7
50.79085,6.383657,"t60",2019,3,8
50.314751,6.461713,"t30",2017,5,1
50.314751,6.461713,"t60",2017,4,1
51.51144,7.336399,"t30",2019,11,9
51.51144,7.336399,"t60",2019,10,10
50.764144,6.371654,"t30",2018,2,11
50.764144,6.371654,"t60",2018,1,12
50.789973,6.375219,"t30",2018,2,10
50.789973,6.375219,"t60",2018,1,11
51.418056,7.250944,"t30",2018,2,11
51.418056,7.250944,"t60",2018,1,12
50.735089,6.359651,"t30",2018,3,26
50.735089,6.359651,"t60",2018,2,24
50.6152,6.409683,"t30",2019,5,14
50.6152,6.409683,"t60",2019,4,14
51.66687,7.55198,"t30",2018,4,4
51.66687,7.55198,"t60",2018,3,5
50.575314,6.440184,"t30",2016,4,13
50.575314,6.440184,"t60",2016,3,14
51.66687,7.55198,"t30",2018,3,27
51.66687,7.55198,"t60",2018,2,25
49.864623,10.488179,"t30",2020,5,30
49.864623,10.488179,"t60",2020,4,30
50.756521,6.243033,"t30",2018,5,15
50.756521,6.243033,"t60",2018,4,15
50.70178,6.270098,"t30",2015,3,27
50.70178,6.270098,"t60",2015,2,25
49.890914,6.590448,"t30",2017,3,2
49.890914,6.590448,"t60",2017,1,31
50.868203,6.425354,"t30",2019,4,2
50.868203,6.425354,"t60",2019,3,3
50.266283,6.359239,"t30",2019,4,16
50.266283,6.359239,"t60",2019,3,17
51.423306,7.033296,"t30",2018,8,18
51.423306,7.033296,"t60",2018,7,19
51.435,7.1385,"t30",2019,4,4
51.435,7.1385,"t60",2019,3,5
50.589496,6.448527,"t30",2018,4,16
50.589496,6.448527,"t60",2018,3,17
50.747075,6.366393,"t30",2019,3,3
50.747075,6.366393,"t60",2019,2,1
51.423306,7.033296,"t30",2018,3,12
51.423306,7.033296,"t60",2018,2,10
51.431025,6.968945,"t30",2019,2,24
51.431025,6.968945,"t60",2019,1,25
51.418056,7.250944,"t30",2018,3,16
51.418056,7.250944,"t60",2018,2,14
50.866332,6.103468,"t30",2019,5,8
50.866332,6.103468,"t60",2019,4,8
50.664329,6.358932,"t30",2016,3,18
50.664329,6.358932,"t60",2016,2,17
50.613929,6.431371,"t30",2016,3,5
50.613929,6.431371,"t60",2016,2,4
50.624297,6.502349,"t30",2018,2,26
50.624297,6.502349,"t60",2018,1,27
51.403281,6.995988,"t30",2020,2,7
51.403281,6.995988,"t60",2020,1,8
50.657733,6.323633,"t30",2019,4,12
50.657733,6.323633,"t60",2019,3,13
50.266293,6.359249,"t30",2019,4,16
50.266293,6.359249,"t60",2019,3,17
50.709547,6.333448,"t30",2017,4,14
50.709547,6.333448,"t60",2017,3,15
49.864623,10.488179,"t30",2020,5,29
49.864623,10.488179,"t60",2020,4,29
49.856417,6.448151,"t30",2016,2,27
49.856417,6.448151,"t60",2016,1,28
50.129688,6.429261,"t30",2017,4,24
50.129688,6.429261,"t60",2017,3,25
50.676448,6.198452,"t30",2018,2,7
50.676448,6.198452,"t60",2018,1,8
51.099426,6.167827,"t30",2017,7,7
51.099426,6.167827,"t60",2017,6,7
50.680758,6.426492,"t30",2018,3,11
50.680758,6.426492,"t60",2018,2,9
50.692512,6.435706,"t30",2019,4,2
50.692512,6.435706,"t60",2019,3,3
50.7576781,6.3220121,"t30",2016,3,1
50.7576781,6.3220121,"t60",2016,1,31
51.404382,6.973143,"t30",2019,4,13
51.404382,6.973143,"t60",2019,3,14
50.266307,6.359263,"t30",2019,4,16
50.266307,6.359263,"t60",2019,3,17
49.816517,6.614972,"t30",2019,4,29
49.816517,6.614972,"t60",2019,3,30
50.266313,6.359269,"t30",2019,4,17
50.266313,6.359269,"t60",2019,3,18
51.247764,7.168684,"t30",2018,3,30
51.247764,7.168684,"t60",2018,2,28
50.726667,6.323306,"t30",2018,3,19
50.726667,6.323306,"t60",2018,2,17
50.735089,6.359651,"t30",2019,3,10
50.735089,6.359651,"t60",2019,2,8
50.26617,6.341554,"t30",2019,4,24
50.26617,6.341554,"t60",2019,3,25
50.747069,6.366387,"t30",2018,3,11
50.747069,6.366387,"t60",2018,2,9
50.684688,6.412117,"t30",2018,3,11
50.684688,6.412117,"t60",2018,2,9
50.209914,6.658375,"t30",2018,6,3
50.209914,6.658375,"t60",2018,5,4
50.657734,6.323634,"t30",2018,4,11
50.657734,6.323634,"t60",2018,3,12
51.174364,6.162144,"t30",2017,4,27
51.174364,6.162144,"t60",2017,3,28
49.880861,6.338427,"t30",2017,2,7
49.880861,6.338427,"t60",2017,1,8
50.771877,6.289942,"t30",2019,4,17
50.771877,6.289942,"t60",2019,3,18
50.009568,6.888018,"t30",2018,10,8
50.009568,6.888018,"t60",2018,9,8
51.382679,6.972078,"t30",2018,12,10
51.382679,6.972078,"t60",2018,11,10
50.039648,6.417938,"t30",2019,4,7
50.039648,6.417938,"t60",2019,3,8
50.073109,6.431563,"t30",2017,4,2
50.073109,6.431563,"t60",2017,3,3
51.431025,6.968945,"t30",2019,9,1
51.431025,6.968945,"t60",2019,8,2
50.548397,6.292036,"t30",2019,4,8
50.548397,6.292036,"t60",2019,3,9
50.314751,6.461713,"t30",2017,4,30
50.314751,6.461713,"t60",2017,3,31
49.972056,6.440167,"t30",2018,5,24
49.972056,6.440167,"t60",2018,4,24
51.423306,7.033296,"t30",2018,9,3
51.423306,7.033296,"t60",2018,8,4
51.247764,7.168684,"t30",2018,3,27
51.247764,7.168684,"t60",2018,2,25
50.735368,6.294149,"t30",2019,2,14
50.735368,6.294149,"t60",2019,1,15
51.403281,6.995988,"t30",2019,3,3
51.403281,6.995988,"t60",2019,2,1
50.747072,6.36639,"t30",2019,3,3
50.747072,6.36639,"t60",2019,2,1
50.746724,6.232078,"t30",2016,2,6
50.746724,6.232078,"t60",2016,1,7
49.856404,6.448138,"t30",2018,2,12
49.856404,6.448138,"t60",2018,1,13
50.578169,6.278448,"t30",2019,4,22
50.578169,6.278448,"t60",2019,3,23
50.057222,6.434027,"t30",2017,4,5
50.057222,6.434027,"t60",2017,3,6
50.574681,6.401072,"t30",2017,4,7
50.574681,6.401072,"t60",2017,3,8
50.676448,6.198452,"t30",2019,1,11
50.676448,6.198452,"t60",2018,12,12
51.41865,6.930562,"t30",2018,5,2
51.41865,6.930562,"t60",2018,4,2
50.619605,6.494605,"t30",2019,3,17
50.619605,6.494605,"t60",2019,2,15
51.437,7.257333,"t30",2018,2,20
51.437,7.257333,"t60",2018,1,21
50.756932,6.321338,"t30",2016,3,16
50.756932,6.321338,"t60",2016,2,15
50.073109,6.431563,"t30",2019,5,7
50.073109,6.431563,"t60",2019,4,7
50.71486,6.34355,"t30",2019,4,3
50.71486,6.34355,"t60",2019,3,4
50.746724,6.232078,"t30",2015,3,11
50.746724,6.232078,"t60",2015,2,9
51.32174,6.858843,"t30",2019,6,28
51.32174,6.858843,"t60",2019,5,29
49.856412,6.448146,"t30",2016,2,27
49.856412,6.448146,"t60",2016,1,28
50.764144,6.371654,"t30",2018,2,7
50.764144,6.371654,"t60",2018,1,8
50.681882,6.428362,"t30",2019,2,14
50.681882,6.428362,"t60",2019,1,15
50.735089,6.359651,"t30",2019,3,25
50.735089,6.359651,"t60",2019,2,23
50.676448,6.198452,"t30",2018,3,5
50.676448,6.198452,"t60",2018,2,3
50.613929,6.431371,"t30",2016,3,6
50.613929,6.431371,"t60",2016,2,5
50.756932,6.321338,"t30",2017,4,24
50.756932,6.321338,"t60",2017,3,25
50.681882,6.428362,"t30",2019,2,13
50.681882,6.428362,"t60",2019,1,14
51.53207,7.250724,"t30",2019,4,27
51.53207,7.250724,"t60",2019,3,28
51.562273,6.846767,"t30",2019,3,25
51.562273,6.846767,"t60",2019,2,23
50.65,7.06,"t30",2018,2,8
50.65,7.06,"t60",2018,1,9
50.266301,6.359257,"t30",2019,4,16
50.266301,6.359257,"t60",2019,3,17
49.902448,6.243511,"t30",2016,3,13
49.902448,6.243511,"t60",2016,2,12
52.200039,0.13544887,"t30",2016,7,23
52.200039,0.13544887,"t60",2016,6,23
52.200039,0.13544887,"t30",2017,7,28
52.200039,0.13544887,"t60",2017,6,28
52.200039,0.13544887,"t30",2016,5,15
52.200039,0.13544887,"t60",2016,4,15
52.200039,0.13544887,"t30",2017,6,7
52.200039,0.13544887,"t60",2017,5,8
52.200039,0.13544887,"t30",2017,4,21
52.200039,0.13544887,"t60",2017,3,22
52.200039,0.13544887,"t30",2016,6,5
52.200039,0.13544887,"t60",2016,5,6
52.200039,0.13544887,"t30",2017,5,29
52.200039,0.13544887,"t60",2017,4,29
52.200039,0.13544887,"t30",2017,4,23
52.200039,0.13544887,"t60",2017,3,24
52.200039,0.13544887,"t30",2017,5,7
52.200039,0.13544887,"t60",2017,4,7
52.200039,0.13544887,"t30",2017,6,13
52.200039,0.13544887,"t60",2017,5,14
52.200039,0.13544887,"t30",2017,7,11
52.200039,0.13544887,"t60",2017,6,11
52.200039,0.13544887,"t30",2017,6,23
52.200039,0.13544887,"t60",2017,5,24
41.665035,2.530639,"t30",2018,6,30
41.665035,2.530639,"t60",2018,5,31
41.66523,2.53082,"t30",2019,1,10
41.66523,2.53082,"t60",2018,12,11
41.66523,2.53082,"t30",2019,2,26
41.66523,2.53082,"t60",2019,1,27
41.665035,2.530639,"t30",2018,2,14
41.665035,2.530639,"t60",2018,1,15
41.665035,2.530639,"t30",2018,4,10
41.665035,2.530639,"t60",2018,3,11
41.66523,2.53082,"t30",2018,5,13
41.66523,2.53082,"t60",2018,4,13
41.665035,2.530639,"t30",2018,5,13
41.665035,2.530639,"t60",2018,4,13
41.665035,2.530639,"t30",2018,8,4
41.665035,2.530639,"t60",2018,7,5
41.665035,2.530639,"t30",2018,8,9
41.665035,2.530639,"t60",2018,7,10
41.665035,2.530639,"t30",2018,8,13
41.665035,2.530639,"t60",2018,7,14
41.665035,2.530639,"t30",2018,7,9
41.665035,2.530639,"t60",2018,6,9
41.665035,2.530639,"t30",2018,7,28
41.665035,2.530639,"t60",2018,6,28
41.665035,2.530639,"t30",2018,8,27
41.665035,2.530639,"t60",2018,7,28
41.665035,2.530639,"t30",2018,9,15
41.665035,2.530639,"t60",2018,8,16
41.66523,2.53082,"t30",2018,9,15
41.66523,2.53082,"t60",2018,8,16
41.665035,2.530639,"t30",2018,10,19
41.665035,2.530639,"t60",2018,9,19
41.665035,2.530639,"t30",2018,10,20
41.665035,2.530639,"t60",2018,9,20
41.665035,2.530639,"t30",2018,10,30
41.665035,2.530639,"t60",2018,9,30
41.665035,2.530639,"t30",2018,11,2
41.665035,2.530639,"t60",2018,10,3
41.665035,2.530639,"t30",2018,11,6
41.665035,2.530639,"t60",2018,10,7
41.665035,2.530639,"t30",2018,12,25
41.665035,2.530639,"t60",2018,11,25
41.665035,2.530639,"t30",2019,1,4
41.665035,2.530639,"t60",2018,12,5
41.665035,2.530639,"t30",2019,1,10
41.665035,2.530639,"t60",2018,12,11
41.665035,2.530639,"t30",2019,1,18
41.665035,2.530639,"t60",2018,12,19
41.665035,2.530639,"t30",2019,1,22
41.665035,2.530639,"t60",2018,12,23
41.665035,2.530639,"t30",2019,1,25
41.665035,2.530639,"t60",2018,12,26
41.665035,2.530639,"t30",2019,1,29
41.665035,2.530639,"t60",2018,12,30
41.665035,2.530639,"t30",2019,1,31
41.665035,2.530639,"t60",2019,1,1
41.665035,2.530639,"t30",2019,2,5
41.665035,2.530639,"t60",2019,1,6
41.665035,2.530639,"t30",2019,2,11
41.665035,2.530639,"t60",2019,1,12
41.665035,2.530639,"t30",2019,2,14
41.665035,2.530639,"t60",2019,1,15
41.665035,2.530639,"t30",2019,2,16
41.665035,2.530639,"t60",2019,1,17
41.665035,2.530639,"t30",2019,2,19
41.665035,2.530639,"t60",2019,1,20
41.665035,2.530639,"t30",2019,2,22
41.665035,2.530639,"t60",2019,1,23
41.665035,2.530639,"t30",2019,2,26
41.665035,2.530639,"t60",2019,1,27
41.665035,2.530639,"t30",2019,3,3
41.665035,2.530639,"t60",2019,2,1
41.665035,2.530639,"t30",2019,3,12
41.665035,2.530639,"t60",2019,2,10
41.665035,2.530639,"t30",2019,3,15
41.665035,2.530639,"t60",2019,2,13
41.665035,2.530639,"t30",2019,3,19
41.665035,2.530639,"t60",2019,2,17
41.665035,2.530639,"t30",2019,3,24
41.665035,2.530639,"t60",2019,2,22
41.665035,2.530639,"t30",2019,3,26
41.665035,2.530639,"t60",2019,2,24
41.665035,2.530639,"t30",2019,3,27
41.665035,2.530639,"t60",2019,2,25
41.665035,2.530639,"t30",2019,3,29
41.665035,2.530639,"t60",2019,2,27
41.665035,2.530639,"t30",2019,4,3
41.665035,2.530639,"t60",2019,3,4
43.23653,-8.39479,"t30",2020,10,14
43.23653,-8.39479,"t60",2020,9,14
42.05036,-8.8194,"t30",2020,3,2
42.05036,-8.8194,"t60",2020,2,1
43.12335,-5.00854,"t30",2020,5,6
43.12335,-5.00854,"t60",2020,4,6
40.56363,-4.11764,"t30",2021,5,26
40.56363,-4.11764,"t60",2021,4,26
43.01258,-4.74503,"t30",2021,6,28
43.01258,-4.74503,"t60",2021,5,29
43.01258,-4.74503,"t30",2021,8,15
43.01258,-4.74503,"t60",2021,7,16
42.70027,-1.11997,"t30",2020,12,30
42.70027,-1.11997,"t60",2020,11,30
39.44101,-5.45495,"t30",2021,11,24
39.44101,-5.45495,"t60",2021,10,25
39.44112,-5.45492,"t30",2021,11,24
39.44112,-5.45492,"t60",2021,10,25
39.44475,-5.45611,"t30",2021,11,24
39.44475,-5.45611,"t60",2021,10,25
41.3875,-6.2024,"t30",2019,10,26
41.3875,-6.2024,"t60",2019,9,26
42.75909,-2.31865,"t30",2021,4,1
42.75909,-2.31865,"t60",2021,3,2
37.11383,-4.17356,"t30",2018,8,8
37.11383,-4.17356,"t60",2018,7,9
43.2656,-4.95238,"t30",2017,4,24
43.2656,-4.95238,"t60",2017,3,25
29.748372,121.73572,"t30",2016,7,16
29.748372,121.73572,"t60",2016,6,16
24.176582,116.35203,"t30",2016,7,18
24.176582,116.35203,"t60",2016,6,18
22.59101,114.1984,"t30",2016,7,21
22.59101,114.1984,"t60",2016,6,21
27.24886,119.94339,"t30",2016,7,17
27.24886,119.94339,"t60",2016,6,17
27.1159,120.16697,"t30",2016,7,17
27.1159,120.16697,"t60",2016,6,17
28.19946,120.56896,"t30",2016,12,28
28.19946,120.56896,"t60",2016,11,28
27.714617,119.606217,"t30",2017,1,9
27.714617,119.606217,"t60",2016,12,10
22.59101,114.1984,"t30",2017,1,15
22.59101,114.1984,"t60",2016,12,16
26.366522,108.159327,"t30",2017,3,6
26.366522,108.159327,"t60",2017,2,4
27.22049,105.191802,"t30",2017,4,14
27.22049,105.191802,"t60",2017,3,15
26.366522,108.159327,"t30",2017,4,16
26.366522,108.159327,"t60",2017,3,17
24.129405,107.69872,"t30",2017,4,20
24.129405,107.69872,"t60",2017,3,21
25.26347,110.326175,"t30",2017,3,6
25.26347,110.326175,"t60",2017,2,4
23.33713,103.1629,"t30",2017,4,10
23.33713,103.1629,"t60",2017,3,11
25.119108,107.925715,"t30",2017,4,19
25.119108,107.925715,"t60",2017,3,20
25.253195,107.911339,"t30",2017,4,18
25.253195,107.911339,"t60",2017,3,19
29.758121,110.059318,"t30",2017,4,21
29.758121,110.059318,"t60",2017,3,22
22.008097,107.483636,"t30",2017,5,12
22.008097,107.483636,"t60",2017,4,12
22.61666667,111.1666667,"t30",2017,5,14
22.61666667,111.1666667,"t60",2017,4,14
24.176582,116.35203,"t30",2017,5,18
24.176582,116.35203,"t60",2017,4,18
27.24886,119.94339,"t30",2017,5,20
27.24886,119.94339,"t60",2017,4,20
27.1159,120.16697,"t30",2017,5,20
27.1159,120.16697,"t60",2017,4,20
25.653499,118.237114,"t30",2017,5,23
25.653499,118.237114,"t60",2017,4,23
25.63333333,118.0833333,"t30",2017,5,24
25.63333333,118.0833333,"t60",2017,4,24
27.741161,117.646183,"t30",2017,5,22
27.741161,117.646183,"t60",2017,4,22
24.1773,99.6455,"t30",2017,5,16
24.1773,99.6455,"t60",2017,4,16
24.5536,111.7005,"t30",2017,5,26
24.5536,111.7005,"t60",2017,4,26
24.9288,111.1364,"t30",2017,5,27
24.9288,111.1364,"t60",2017,4,27
24.8774,111.1309,"t30",2017,5,28
24.8774,111.1309,"t60",2017,4,28
26.5433,114.1003,"t30",2017,5,31
26.5433,114.1003,"t60",2017,5,1
26.7567,114.1706,"t30",2017,6,3
26.7567,114.1706,"t60",2017,5,4
25.9112,110.4641,"t30",2017,6,8
25.9112,110.4641,"t60",2017,5,9
25.8856,110.4874,"t30",2017,6,11
25.8856,110.4874,"t60",2017,5,12
25.8832,110.5038,"t30",2017,6,11
25.8832,110.5038,"t60",2017,5,12
25.6028,109.9091,"t30",2017,6,12
25.6028,109.9091,"t60",2017,5,13
24.1535,110.2232,"t30",2017,6,14
24.1535,110.2232,"t60",2017,5,15
22.278844,111.20678,"t30",2017,6,15
22.278844,111.20678,"t60",2017,5,16
24.982175,101.403903,"t30",2017,6,26
24.982175,101.403903,"t60",2017,5,27
25.058079,102.602154,"t30",2017,6,27
25.058079,102.602154,"t60",2017,5,28
23.572395,106.217985,"t30",2017,5,6
23.572395,106.217985,"t60",2017,4,6
22.278844,111.20678,"t30",2017,5,6
22.278844,111.20678,"t60",2017,4,6
29.419098,115.902346,"t30",2017,6,18
29.419098,115.902346,"t60",2017,5,19
29.038312,117.461157,"t30",2017,6,20
29.038312,117.461157,"t60",2017,5,21
30.044433,117.817489,"t30",2017,6,24
30.044433,117.817489,"t60",2017,5,25
30.995919,116.347661,"t30",2017,6,24
30.995919,116.347661,"t60",2017,5,25
21.0016666666667,105.098055555556,"t30",2016,5,13
21.0016666666667,105.098055555556,"t60",2016,4,13
21.015,105.055833333333,"t30",2016,5,13
21.015,105.055833333333,"t60",2016,4,13
20.9638888888889,105.133888888889,"t30",2016,5,12
20.9638888888889,105.133888888889,"t60",2016,4,12
20.9638888888889,105.134166666667,"t30",2016,5,12
20.9638888888889,105.134166666667,"t60",2016,4,12
20.9852777777778,105.1625,"t30",2016,5,12
20.9852777777778,105.1625,"t60",2016,4,12
20.99,105.158888888889,"t30",2016,5,12
20.99,105.158888888889,"t60",2016,4,12
20.9919444444444,105.16,"t30",2016,5,12
20.9919444444444,105.16,"t60",2016,4,12
20.9919444444444,105.160277777778,"t30",2016,5,12
20.9919444444444,105.160277777778,"t60",2016,4,12
21.2858333333333,107.126388888889,"t30",2016,4,5
21.2858333333333,107.126388888889,"t60",2016,3,6
21.215,107.148888888889,"t30",2016,4,5
21.215,107.148888888889,"t60",2016,3,6
21.3066666666667,106.809722222222,"t30",2016,3,27
21.3066666666667,106.809722222222,"t60",2016,2,26
21.3683333333333,106.837222222222,"t30",2016,3,28
21.3683333333333,106.837222222222,"t60",2016,2,27
21.3966666666667,106.888611111111,"t30",2016,3,27
21.3966666666667,106.888611111111,"t60",2016,2,26
21.3975,106.918611111111,"t30",2016,3,27
21.3975,106.918611111111,"t60",2016,2,26
21.4086111111111,106.841388888889,"t30",2016,3,28
21.4086111111111,106.841388888889,"t60",2016,2,27
21.3677777777778,106.668611111111,"t30",2016,4,1
21.3677777777778,106.668611111111,"t60",2016,3,2
21.4227777777778,106.786388888889,"t30",2016,4,1
21.4227777777778,106.786388888889,"t60",2016,3,2
21.3680555555556,106.843333333333,"t30",2016,3,29
21.3680555555556,106.843333333333,"t60",2016,2,28
21.3680555555556,106.840277777778,"t30",2016,3,29
21.3680555555556,106.840277777778,"t60",2016,2,28
21.3888888888889,106.851111111111,"t30",2016,3,29
21.3888888888889,106.851111111111,"t60",2016,2,28
21.5227777777778,103.621944444444,"t30",2016,5,8
21.5227777777778,103.621944444444,"t60",2016,4,8
21.5922222222222,106.840277777778,"t30",2016,3,31
21.5922222222222,106.840277777778,"t60",2016,3,1
21.9247222222222,107.140555555556,"t30",2016,4,7
21.9247222222222,107.140555555556,"t60",2016,3,8
22.0638890860314,104.434999271834,"t30",2016,5,1
22.0638890860314,104.434999271834,"t60",2016,4,1
22.085,104.390277777778,"t30",2016,5,1
22.085,104.390277777778,"t60",2016,4,1
22.1733333333333,104.299722222222,"t30",2016,5,2
22.1733333333333,104.299722222222,"t60",2016,4,2
22.2070846062085,104.46847418203,"t30",2016,5,2
22.2070846062085,104.46847418203,"t60",2016,4,2
22.4675,103.373888888889,"t30",2016,5,6
22.4675,103.373888888889,"t60",2016,4,6
22.4675,103.374166666667,"t30",2016,5,6
22.4675,103.374166666667,"t60",2016,4,6
22.4675,103.374444444444,"t30",2016,5,6
22.4675,103.374444444444,"t60",2016,4,6
22.4675,103.374722222222,"t30",2016,5,6
22.4675,103.374722222222,"t60",2016,4,6
22.4675,103.375,"t30",2016,5,6
22.4675,103.375,"t60",2016,4,6
22.4675,103.375277777778,"t30",2016,5,6
22.4675,103.375277777778,"t60",2016,4,6
22.5738888888889,103.396111111111,"t30",2016,5,6
22.5738888888889,103.396111111111,"t60",2016,4,6
22.5738888888889,103.396388888889,"t30",2016,5,6
22.5738888888889,103.396388888889,"t60",2016,4,6
22.5738888888889,103.396666666667,"t30",2016,5,6
22.5738888888889,103.396666666667,"t60",2016,4,6
22.5738888888889,103.396944444444,"t30",2016,5,6
22.5738888888889,103.396944444444,"t60",2016,4,6
22.3322222222222,103.370277777778,"t30",2016,5,6
22.3322222222222,103.370277777778,"t60",2016,4,6
22.3322222222222,103.370555555556,"t30",2016,5,6
22.3322222222222,103.370555555556,"t60",2016,4,6
22.3322222222222,103.370833333333,"t30",2016,5,6
22.3322222222222,103.370833333333,"t60",2016,4,6
22.3322222222222,103.371111111111,"t30",2016,5,6
22.3322222222222,103.371111111111,"t60",2016,4,6
22.3322222222222,103.371388888889,"t30",2016,5,6
22.3322222222222,103.371388888889,"t60",2016,4,6
22.3322222222222,103.371666666667,"t30",2016,5,6
22.3322222222222,103.371666666667,"t60",2016,4,6
22.3322222222222,103.371944444444,"t30",2016,5,6
22.3322222222222,103.371944444444,"t60",2016,4,6
22.5191666666667,105.210555555556,"t30",2016,4,27
22.5191666666667,105.210555555556,"t60",2016,3,28
22.53,105.006944444444,"t30",2016,4,27
22.53,105.006944444444,"t60",2016,3,28
22.3916668208826,105.762638153168,"t30",2016,4,10
22.3916668208826,105.762638153168,"t60",2016,3,11
22.5733334765978,105.828749615947,"t30",2016,4,9
22.5733334765978,105.828749615947,"t60",2016,3,10
22.7358339948822,106.014026533433,"t30",2016,4,11
22.7358339948822,106.014026533433,"t60",2016,3,12
22.7305555845924,105.931387877309,"t30",2016,4,12
22.7305555845924,105.931387877309,"t60",2016,3,13
22.6979169356757,105.937638030307,"t30",2016,4,12
22.6979169356757,105.937638030307,"t60",2016,3,13
22.7402777777778,105.920555555556,"t30",2016,4,13
22.7402777777778,105.920555555556,"t60",2016,3,14
22.9225,105.42,"t30",2016,4,21
22.9225,105.42,"t60",2016,3,22
23.2088888888889,105.918055555556,"t30",2015,4,19
23.2088888888889,105.918055555556,"t60",2015,3,20
23.0513888888889,105.731666666667,"t30",2015,4,19
23.0513888888889,105.731666666667,"t60",2015,3,20
23.0516666666667,105.731666666667,"t30",2015,4,19
23.0516666666667,105.731666666667,"t60",2015,3,20
23.1177777777778,104.891666666667,"t30",2016,4,24
23.1177777777778,104.891666666667,"t60",2016,3,25
23.2272222222222,105.019444444444,"t30",2016,4,25
23.2272222222222,105.019444444444,"t60",2016,3,26
23.2438888888889,105.108611111111,"t30",2016,4,25
23.2438888888889,105.108611111111,"t60",2016,3,26
23.2438888888889,105.110833333333,"t30",2016,4,25
23.2438888888889,105.110833333333,"t60",2016,3,26
23.0544444444444,105.735277777778,"t30",2015,4,19
23.0544444444444,105.735277777778,"t60",2015,3,20
23.1291666666667,105.062222222222,"t30",2016,4,23
23.1291666666667,105.062222222222,"t60",2016,3,24
23.135,105.072222222222,"t30",2016,4,25
23.135,105.072222222222,"t60",2016,3,26
23.1405555555556,105.076388888889,"t30",2016,4,23
23.1405555555556,105.076388888889,"t60",2016,3,24
23.1913888888889,105.0275,"t30",2016,4,24
23.1913888888889,105.0275,"t60",2016,3,25
23.3362435940589,113.398153372918,"t30",2016,7,19
23.3362435940589,113.398153372918,"t60",2016,6,19
29.9046563635075,119.485437107395,"t30",2017,3,20
29.9046563635075,119.485437107395,"t60",2017,2,18
40.7135437361088,123.013232603758,"t30",2017,4,2
40.7135437361088,123.013232603758,"t60",2017,3,3
21.4609067405356,105.593257543548,"t30",2016,3,29
21.4609067405356,105.593257543548,"t60",2016,2,28
50.525597,6.787115,"t30",2018,3,15
50.525597,6.787115,"t60",2018,2,13
51.429405,7.387315,"t30",2019,4,22
51.429405,7.387315,"t60",2019,3,23
50.70178,6.270098,"t30",2018,5,7
50.70178,6.270098,"t60",2018,4,7
51.541882,6.833255,"t30",2019,2,5
51.541882,6.833255,"t60",2019,1,6
50.746724,6.232078,"t30",2019,2,17
50.746724,6.232078,"t60",2019,1,18
51.443396,7.272145,"t30",2015,4,12
51.443396,7.272145,"t60",2015,3,13
51.443396,7.272145,"t30",2018,3,11
51.443396,7.272145,"t60",2018,2,9
51.443396,7.272145,"t30",2018,3,19
51.443396,7.272145,"t60",2018,2,17
50.55541,6.43618,"t30",2019,3,3
50.55541,6.43618,"t60",2019,2,1
50.55541,6.43618,"t30",2018,3,17
50.55541,6.43618,"t60",2018,2,15
50.55541,6.43618,"t30",2018,3,19
50.55541,6.43618,"t60",2018,2,17
50.55541,6.43618,"t30",2019,4,11
50.55541,6.43618,"t60",2019,3,12
51.41865,6.930562,"t30",2018,4,24
51.41865,6.930562,"t60",2018,3,25
51.41865,6.930562,"t30",2018,3,11
51.41865,6.930562,"t60",2018,2,9
50.613929,6.431371,"t30",2019,2,19
50.613929,6.431371,"t60",2019,1,20
50.555043,6.426633,"t30",2018,4,17
50.555043,6.426633,"t60",2018,3,18
50.555043,6.426633,"t30",2018,4,13
50.555043,6.426633,"t60",2018,3,14
50.555043,6.426633,"t30",2019,4,13
50.555043,6.426633,"t60",2019,3,14
50.555043,6.426633,"t30",2018,4,3
50.555043,6.426633,"t60",2018,3,4
50.555043,6.426633,"t30",2018,3,19
50.555043,6.426633,"t60",2018,2,17
50.555043,6.426633,"t30",2019,4,11
50.555043,6.426633,"t60",2019,3,12
50.734514,6.30931,"t30",2016,3,7
50.734514,6.30931,"t60",2016,2,6
49.719908,6.652989,"t30",2019,4,15
49.719908,6.652989,"t60",2019,3,16
51.436599,7.048501,"t30",2018,2,12
51.436599,7.048501,"t60",2018,1,13
51.436599,7.048501,"t30",2019,1,31
51.436599,7.048501,"t60",2019,1,1
51.532323,7.289932,"t30",2017,4,7
51.532323,7.289932,"t60",2017,3,8
51.343183,7.077412,"t30",2019,1,29
51.343183,7.077412,"t60",2018,12,30
50.698722,6.274389,"t30",2016,3,17
50.698722,6.274389,"t60",2016,2,16
50.555405,6.436182,"t30",2018,4,3
50.555405,6.436182,"t60",2018,3,4
50.555405,6.436182,"t30",2019,3,3
50.555405,6.436182,"t60",2019,2,1
50.555405,6.436182,"t30",2018,3,17
50.555405,6.436182,"t60",2018,2,15
50.555405,6.436182,"t30",2018,3,19
50.555405,6.436182,"t60",2018,2,17
50.555405,6.436182,"t30",2019,4,11
50.555405,6.436182,"t60",2019,3,12
50.692644,6.199071,"t30",2017,3,4
50.692644,6.199071,"t60",2017,2,2
39.44101,-5.45495,"t30",2019,4,29
39.44101,-5.45495,"t60",2019,3,30
39.44112,-5.45492,"t30",2019,4,29
39.44112,-5.45492,"t60",2019,3,30
39.44475,-5.45611,"t30",2019,4,29
39.44475,-5.45611,"t60",2019,3,30
